{"cameraMode":{"drawMode":0,"name":"Shaded","section":"Shading Mode"},"sceneLighting":true,"audioPlay":false,"sceneViewState":{"showFog":true,"showMaterialUpdate":false,"showSkybox":true,"showFlares":true,"showImageEffects":true,"showParticleSystems":true},"in2DMode":false,"pivot":{"x":447.0709533691406,"y":9.820281982421875,"z":-5993.81689453125},"rotation":{"x":-0.706694483757019,"y":0.0014832318993285299,"z":-0.0014814825262874365,"w":-0.7075291275978088},"size":223.49658203125,"orthographic":false}