{"cameraMode":{"drawMode":0,"name":"Shaded","section":"Shading Mode"},"sceneLighting":true,"audioPlay":false,"sceneViewState":{"showFog":true,"showMaterialUpdate":false,"showSkybox":true,"showFlares":true,"showImageEffects":true,"showParticleSystems":true},"in2DMode":false,"pivot":{"x":399.0045471191406,"y":477.7809143066406,"z":-5159.26416015625},"rotation":{"x":-0.32717013359069826,"y":0.007645359728485346,"z":-0.0026355846785008909,"w":-0.9449537992477417},"size":10.0,"orthographic":true}