{"cameraMode":{"drawMode":0,"name":"Shaded","section":"Shading Mode"},"sceneLighting":true,"audioPlay":false,"sceneViewState":{"showFog":true,"showMaterialUpdate":false,"showSkybox":true,"showFlares":true,"showImageEffects":true,"showParticleSystems":true},"in2DMode":false,"pivot":{"x":397.5213623046875,"y":9.8125,"z":-5246.7421875},"rotation":{"x":-0.7693313956260681,"y":-0.005365537013858557,"z":0.0064802090637385849,"w":-0.6388283967971802},"size":238.03831481933595,"orthographic":true}