{"cameraMode":{"drawMode":0,"name":"Shaded","section":"Shading Mode"},"sceneLighting":false,"audioPlay":false,"sceneViewState":{"showFog":true,"showMaterialUpdate":false,"showSkybox":false,"showFlares":true,"showImageEffects":true,"showParticleSystems":true},"in2DMode":false,"pivot":{"x":-0.035878896713256839,"y":0.3055385947227478,"z":-0.006672382354736328},"rotation":{"x":-0.19819724559783936,"y":0.6575548052787781,"z":-0.18536481261253358,"w":-0.7028676867485046},"size":4.39031457901001,"orthographic":false}