{"cameraMode":{"drawMode":0,"name":"Shaded","section":"Shading Mode"},"sceneLighting":false,"audioPlay":false,"sceneViewState":{"showFog":true,"showMaterialUpdate":false,"showSkybox":false,"showFlares":true,"showImageEffects":true,"showParticleSystems":true},"in2DMode":false,"pivot":{"x":0.19461917877197267,"y":0.8445627689361572,"z":0.2168765515089035},"rotation":{"x":-0.19819724559783936,"y":0.6575548052787781,"z":-0.18536481261253358,"w":-0.7028676867485046},"size":2.53698468208313,"orthographic":false}