{"cameraMode":{"drawMode":0,"name":"Shaded","section":"Shading Mode"},"sceneLighting":false,"audioPlay":false,"sceneViewState":{"showFog":true,"showMaterialUpdate":false,"showSkybox":false,"showFlares":true,"showImageEffects":true,"showParticleSystems":true},"in2DMode":false,"pivot":{"x":-0.01750016212463379,"y":1.4711358547210694,"z":-0.005697965621948242},"rotation":{"x":-0.19819724559783936,"y":0.6575548052787781,"z":-0.18536481261253358,"w":-0.7028676867485046},"size":3.544612407684326,"orthographic":false}