{"cameraMode":{"drawMode":0,"name":"Shaded","section":"Shading Mode"},"sceneLighting":false,"audioPlay":false,"sceneViewState":{"showFog":true,"showMaterialUpdate":false,"showSkybox":false,"showFlares":true,"showImageEffects":true,"showParticleSystems":true},"in2DMode":false,"pivot":{"x":-6.8740034103393559,"y":-3.5595881938934328,"z":0.4517909288406372},"rotation":{"x":-0.19819724559783936,"y":0.6575548052787781,"z":-0.18536481261253358,"w":-0.7028676867485046},"size":6.486093997955322,"orthographic":false}