{"cameraMode":{"drawMode":0,"name":"Shaded","section":"Shading Mode"},"sceneLighting":false,"audioPlay":false,"sceneViewState":{"showFog":true,"showMaterialUpdate":false,"showSkybox":false,"showFlares":true,"showImageEffects":true,"showParticleSystems":true},"in2DMode":false,"pivot":{"x":-0.01750016212463379,"y":1.3490262031555176,"z":-0.005697965621948242},"rotation":{"x":-0.1268325001001358,"y":0.6514639854431152,"z":-0.11168839037418366,"w":-0.7396469712257385},"size":2.595196008682251,"orthographic":false}